{
    "Tl": [
        -1304.923168778598,
        43414
    ],
    "P": [
        -179.1968320316809,
        162243
    ],
    "Sr": [
        -846.6929939197687,
        44721
    ],
    "C": [
        -155.00370321747087,
        88813
    ],
    "Ne": [
        -834.8396166869622,
        65884
    ],
    "Ru": [
        -2566.507241062113,
        41515
    ],
    "Mo": [
        -1865.892826470333,
        670852
    ],
    "Hf": [
        -6087.443803011989,
        671070
    ],
    "Hg": [
        -4221.50619536004,
        426945
    ],
    "W": [
        -7400.831961716374,
        671068
    ],
    "Bi": [
        -1848.97489453001,
        426929
    ],
    "In": [
        -1458.036846774587,
        53777
    ],
    "Y": [
        -1049.841994892222,
        106221
    ],
    "Li": [
        -193.7190189973259,
        76948
    ],
    "Ca": [
        -1002.921629675694,
        53768
    ],
    "Se": [
        -257.6158099518011,
        57181
    ],
    "He": [
        -75.94302270772958,
        22384
    ],
    "Rh": [
        -2953.78826346231,
        650218
    ],
    "F": [
        -647.2519432158725,
        14121
    ],
    "Pt": [
        -3300.870460386852,
        52250
    ],
    "Na": [
        -1159.111050374016,
        672495
    ],
    "Sb": [
        -1956.813740435665,
        108182
    ],
    "S": [
        -278.57677377384897,
        82372
    ],
    "Ni": [
        -4194.632306746066,
        672384
    ],
    "Rb": [
        -665.3706252633933,
        426967
    ],
    "Ar": [
        -577.5342822209235,
        29279
    ],
    "Ba": [
        -700.0766679673089,
        191758
    ],
    "Xe": [
        -3170.185199130909,
        43428
    ],
    "Cu": [
        -4967.948645633508,
        671195
    ],
    "Br": [
        -366.7336240635964,
        168171
    ],
    "V": [
        -1935.005549687469,
        260470
    ],
    "Os": [
        -2504.0344269142647,
        186794
    ],
    "As": [
        -171.8868048694869,
        158474
    ],
    "Cr": [
        -2279.391669033684,
        53798
    ],
    "Mg": [
        -1478.205160551151,
        180453
    ],
    "Ta": [
        -6757.278065230233,
        167903
    ],
    "B": [
        -77.08916433570491,
        258114
    ],
    "Sn": [
        -1742.791705394547,
        236712
    ],
    "Tc": [
        -2193.737271645401,
        671046
    ],
    "Zr": [
        -1290.611729728231,
        41511
    ],
    "H": [
        -13.57271273833624,
        28338
    ],
    "Sc": [
        -1249.9060350978,
        164100
    ],
    "Ti": [
        -1569.489805645514,
        671773
    ],
    "Cs": [
        -549.8438495311302,
        44754
    ],
    "Au": [
        -3737.796135442151,
        259285
    ],
    "Fe": [
        -3220.262916174917,
        7204904
    ],
    "I": [
        -2755.692862306657,
        109039
    ],
    "Kr": [
        -505.7740092916233,
        426950
    ],
    "Cl": [
        -409.703437474227,
        201696
    ],
    "Zn": [
        -5446.637780409172,
        671229
    ],
    "K": [
        -772.7488173180618,
        671227
    ],
    "O": [
        -431.0491671444148,
        99593
    ],
    "Nb": [
        -1552.656030986301,
        183413
    ],
    "Cd": [
        -4228.999979819195,
        4030924
    ],
    "Al": [
        -1883.207411548676,
        670684
    ],
    "N": [
        -270.59032471575586,
        15819
    ],
    "Ir": [
        -2890.847378751648,
        673089
    ],
    "Be": [
        -361.7737278144143,
        190782
    ],
    "Te": [
        -2391.986293186099,
        52500
    ],
    "Ga": [
        -1786.183919427043,
        671225
    ],
    "Si": [
        -107.1148256562901,
        191759
    ],
    "Pd": [
        -3447.40719806338,
        180870
    ],
    "Ge": [
        -1926.0567728160233,
        673665
    ],
    "Re": [
        -2174.6971424511976,
        638452
    ],
    "Pb": [
        -1535.857835918895,
        648344
    ],
    "Ag": [
        -3913.47229026528,
        52257
    ],
    "Co": [
        -3686.96218590279,
        673012
    ]
}